,fid,iid,father,mother,gender,trait,i
0,1,014_S_0520,0,0,2,-9,0
1,2,005_S_1341,0,0,2,-9,1
2,3,012_S_1175,0,0,1,-9,2
3,4,012_S_0803,0,0,2,-9,3
4,5,018_S_0055,0,0,1,-9,4
5,6,027_S_0118,0,0,1,-9,5
6,7,027_S_0403,0,0,1,-9,6
7,8,053_S_0389,0,0,2,-9,7
8,9,041_S_0262,0,0,1,-9,8
9,10,005_S_1224,0,0,1,-9,9
10,12,010_S_0472,0,0,1,-9,10
11,13,035_S_0048,0,0,1,-9,11
12,14,098_S_0171,0,0,2,-9,12
13,15,099_S_0470,0,0,2,-9,13
14,16,128_S_0245,0,0,2,-9,14
15,17,137_S_0825,0,0,1,-9,15
16,18,128_S_0266,0,0,1,-9,16
17,19,067_S_0243,0,0,2,-9,17
18,21,016_S_1138,0,0,1,-9,18
19,22,011_S_0023,0,0,1,-9,19
20,23,033_S_1116,0,0,1,-9,20
21,24,007_S_0070,0,0,1,-9,21
22,25,133_S_1170,0,0,1,-9,22
23,26,128_S_0522,0,0,1,-9,23
24,27,141_S_1245,0,0,2,-9,24
25,28,016_S_0359,0,0,2,-9,25
26,29,007_S_1304,0,0,2,-9,26
27,30,012_S_1212,0,0,2,-9,27
28,31,006_S_0547,0,0,1,-9,28
29,32,009_S_0751,0,0,1,-9,29
30,33,123_S_0390,0,0,1,-9,30
31,36,100_S_0296,0,0,1,-9,31
32,37,010_S_0422,0,0,1,-9,32
33,38,010_S_0067,0,0,1,-9,33
34,39,018_S_0080,0,0,1,-9,34
35,40,027_S_0116,0,0,1,-9,35
36,41,018_S_0155,0,0,1,-9,36
37,42,098_S_0160,0,0,1,-9,37
38,43,099_S_0372,0,0,1,-9,38
39,44,128_S_0200,0,0,1,-9,39
40,45,141_S_1378,0,0,2,-9,40
41,46,136_S_0873,0,0,2,-9,41
42,47,057_S_1265,0,0,2,-9,42
43,48,072_S_0315,0,0,1,-9,43
44,49,052_S_1250,0,0,2,-9,44
45,50,128_S_0608,0,0,2,-9,45
46,52,024_S_1063,0,0,2,-9,46
47,53,116_S_1271,0,0,1,-9,47
48,54,023_S_0604,0,0,1,-9,48
49,55,010_S_0420,0,0,1,-9,49
50,56,057_S_0643,0,0,2,-9,50
51,57,123_S_0091,0,0,1,-9,51
52,58,116_S_1232,0,0,2,-9,52
53,59,041_S_1435,0,0,1,-9,53
54,60,021_S_0231,0,0,1,-9,54
55,61,020_S_0899,0,0,2,-9,55
56,62,021_S_0276,0,0,1,-9,56
57,63,027_S_0835,0,0,1,-9,57
58,64,013_S_1035,0,0,1,-9,58
59,65,024_S_1400,0,0,1,-9,59
60,66,018_S_0406,0,0,1,-9,60
61,67,041_S_1418,0,0,1,-9,61
62,68,141_S_1255,0,0,2,-9,62
63,69,002_S_1018,0,0,2,-9,63
64,70,057_S_1217,0,0,2,-9,64
65,71,126_S_1077,0,0,1,-9,65
66,72,011_S_0008,0,0,2,-9,66
67,73,114_S_0173,0,0,1,-9,67
68,74,109_S_1157,0,0,2,-9,68
69,76,005_S_0553,0,0,1,-9,69
70,77,022_S_0219,0,0,1,-9,70
71,78,123_S_0106,0,0,2,-9,71
72,79,052_S_0951,0,0,1,-9,72
73,80,126_S_0606,0,0,2,-9,73
74,81,022_S_0750,0,0,2,-9,74
75,82,123_S_0094,0,0,2,-9,75
76,83,041_S_1010,0,0,1,-9,76
77,84,126_S_1340,0,0,2,-9,77
78,85,027_S_1385,0,0,2,-9,78
79,86,011_S_0005,0,0,1,-9,79
80,87,062_S_1299,0,0,1,-9,80
81,88,033_S_0923,0,0,1,-9,81
82,89,033_S_0511,0,0,1,-9,82
83,90,002_S_0619,0,0,1,-9,83
84,91,032_S_0978,0,0,1,-9,84
85,92,023_S_0613,0,0,2,-9,85
86,93,116_S_0834,0,0,1,-9,86
87,94,023_S_0093,0,0,2,-9,87
88,95,116_S_0382,0,0,2,-9,88
89,96,010_S_0829,0,0,2,-9,89
90,97,024_S_1393,0,0,1,-9,90
91,98,018_S_0425,0,0,1,-9,91
92,99,041_S_1420,0,0,2,-9,92
93,100,109_S_0967,0,0,1,-9,93
94,101,018_S_0682,0,0,1,-9,94
95,103,021_S_0424,0,0,1,-9,95
96,104,057_S_1007,0,0,1,-9,96
97,105,033_S_0922,0,0,1,-9,97
98,106,006_S_0484,0,0,1,-9,98
99,107,133_S_0629,0,0,1,-9,99
100,108,128_S_1409,0,0,1,-9,100
101,109,099_S_0040,0,0,1,-9,101
102,110,068_S_0442,0,0,1,-9,102
103,111,099_S_0958,0,0,1,-9,103
104,113,014_S_0548,0,0,2,-9,104
105,114,073_S_0565,0,0,1,-9,105
106,115,131_S_0497,0,0,1,-9,106
107,116,033_S_0723,0,0,1,-9,107
108,117,130_S_0449,0,0,2,-9,108
109,118,033_S_0516,0,0,1,-9,109
110,119,100_S_0069,0,0,1,-9,110
111,120,011_S_0362,0,0,2,-9,111
112,121,137_S_0438,0,0,1,-9,112
113,122,036_S_0672,0,0,2,-9,113
114,123,018_S_0450,0,0,1,-9,114
115,124,041_S_0721,0,0,1,-9,115
116,125,011_S_1080,0,0,1,-9,116
117,126,012_S_1009,0,0,1,-9,117
118,127,020_S_1288,0,0,1,-9,118
119,128,022_S_0044,0,0,2,-9,119
120,129,027_S_0644,0,0,1,-9,120
121,130,941_S_1311,0,0,1,-9,121
122,131,136_S_0874,0,0,2,-9,122
123,132,053_S_0621,0,0,2,-9,123
124,133,073_S_0311,0,0,2,-9,124
125,134,029_S_1215,0,0,1,-9,125
126,135,067_S_1185,0,0,1,-9,126
127,136,067_S_0038,0,0,1,-9,127
128,137,141_S_0915,0,0,2,-9,128
129,138,067_S_0019,0,0,2,-9,129
130,139,007_S_1206,0,0,1,-9,130
131,140,033_S_0920,0,0,2,-9,131
132,141,007_S_0316,0,0,1,-9,132
133,142,141_S_1152,0,0,2,-9,133
134,143,141_S_0853,0,0,1,-9,134
135,144,136_S_0186,0,0,2,-9,135
136,145,126_S_0784,0,0,2,-9,136
137,146,100_S_0006,0,0,2,-9,137
138,147,013_S_0575,0,0,2,-9,138
139,149,109_S_1114,0,0,2,-9,139
140,150,131_S_0123,0,0,1,-9,140
141,151,002_S_1280,0,0,2,-9,141
142,152,032_S_0479,0,0,2,-9,142
143,153,137_S_0481,0,0,1,-9,143
144,154,128_S_0216,0,0,1,-9,144
145,155,137_S_1414,0,0,1,-9,145
146,156,128_S_0310,0,0,1,-9,146
147,157,100_S_0190,0,0,1,-9,147
148,158,130_S_0783,0,0,2,-9,148
149,159,098_S_0884,0,0,1,-9,149
150,160,007_S_0068,0,0,2,-9,150
151,161,016_S_1326,0,0,1,-9,151
152,162,041_S_1002,0,0,2,-9,152
153,163,027_S_0417,0,0,1,-9,153
154,164,052_S_1346,0,0,1,-9,154
155,165,023_S_1289,0,0,2,-9,155
156,166,037_S_0303,0,0,1,-9,156
157,167,033_S_1279,0,0,2,-9,157
158,168,037_S_0150,0,0,1,-9,158
159,169,067_S_0110,0,0,2,-9,159
160,170,073_S_0445,0,0,1,-9,160
161,171,141_S_0696,0,0,2,-9,161
162,172,072_S_1211,0,0,1,-9,162
163,173,022_S_0544,0,0,2,-9,163
164,174,031_S_0830,0,0,1,-9,164
165,175,033_S_0906,0,0,2,-9,165
166,176,035_S_0204,0,0,2,-9,166
167,177,037_S_0539,0,0,1,-9,167
168,178,941_S_1194,0,0,1,-9,168
169,179,007_S_0041,0,0,2,-9,169
170,180,011_S_0168,0,0,1,-9,170
171,181,006_S_0675,0,0,2,-9,171
172,182,016_S_1263,0,0,2,-9,172
173,183,041_S_1423,0,0,1,-9,173
174,184,027_S_0461,0,0,1,-9,174
175,185,052_S_1168,0,0,2,-9,175
176,186,041_S_1260,0,0,1,-9,176
177,187,126_S_0506,0,0,2,-9,177
178,189,023_S_0963,0,0,1,-9,178
179,190,067_S_0177,0,0,2,-9,179
180,191,029_S_1073,0,0,2,-9,180
181,192,067_S_0290,0,0,1,-9,181
182,193,031_S_0618,0,0,1,-9,182
183,194,033_S_1308,0,0,1,-9,183
184,195,023_S_0926,0,0,2,-9,184
185,196,037_S_0454,0,0,2,-9,185
186,198,126_S_1221,0,0,1,-9,186
187,199,012_S_0634,0,0,1,-9,187
188,200,100_S_0047,0,0,1,-9,188
189,201,011_S_0016,0,0,1,-9,189
190,203,068_S_1191,0,0,1,-9,190
191,204,136_S_0184,0,0,2,-9,191
192,205,141_S_1024,0,0,1,-9,192
193,206,136_S_0194,0,0,2,-9,193
194,208,013_S_1120,0,0,2,-9,194
195,209,137_S_0443,0,0,1,-9,195
196,210,036_S_0673,0,0,1,-9,196
197,211,053_S_0507,0,0,2,-9,197
198,212,023_S_1126,0,0,1,-9,198
199,213,116_S_0752,0,0,2,-9,199
200,214,022_S_1394,0,0,1,-9,200
201,215,116_S_0392,0,0,2,-9,201
202,216,082_S_1119,0,0,1,-9,202
203,217,029_S_1184,0,0,2,-9,203
204,218,130_S_0969,0,0,1,-9,204
205,219,068_S_0127,0,0,1,-9,205
206,220,109_S_0876,0,0,2,-9,206
207,221,062_S_0730,0,0,2,-9,207
208,222,098_S_0288,0,0,1,-9,208
209,223,133_S_0638,0,0,1,-9,209
210,224,027_S_0179,0,0,1,-9,210
211,225,011_S_0022,0,0,1,-9,211
212,226,023_S_0061,0,0,2,-9,212
213,227,123_S_0050,0,0,1,-9,213
214,228,130_S_0285,0,0,1,-9,214
215,229,099_S_0534,0,0,1,-9,215
216,230,002_S_0782,0,0,1,-9,216
217,231,067_S_0029,0,0,1,-9,217
218,232,007_S_1339,0,0,2,-9,218
219,233,012_S_0917,0,0,1,-9,219
220,234,006_S_0653,0,0,2,-9,220
221,235,010_S_0161,0,0,1,-9,221
222,236,126_S_0605,0,0,2,-9,222
223,237,109_S_1183,0,0,1,-9,223
224,238,023_S_0139,0,0,2,-9,224
225,239,029_S_1384,0,0,1,-9,225
226,240,027_S_1082,0,0,2,-9,226
227,241,128_S_0500,0,0,1,-9,227
228,242,023_S_0376,0,0,1,-9,228
229,244,057_S_0957,0,0,1,-9,229
230,246,082_S_0304,0,0,2,-9,230
231,247,082_S_1256,0,0,2,-9,231
232,248,141_S_0810,0,0,1,-9,232
233,249,041_S_1391,0,0,1,-9,233
234,250,016_S_0590,0,0,2,-9,234
235,251,007_S_0414,0,0,2,-9,235
236,252,057_S_1269,0,0,1,-9,236
237,253,007_S_0249,0,0,2,-9,237
238,255,031_S_0321,0,0,1,-9,238
239,256,082_S_0363,0,0,2,-9,239
240,257,062_S_0690,0,0,1,-9,240
241,258,007_S_1248,0,0,2,-9,241
242,259,011_S_0861,0,0,1,-9,242
243,260,006_S_0498,0,0,1,-9,243
244,261,137_S_0722,0,0,1,-9,244
245,262,052_S_1251,0,0,2,-9,245
246,263,072_S_1380,0,0,1,-9,246
247,264,022_S_0130,0,0,1,-9,247
248,265,141_S_0726,0,0,1,-9,248
249,266,129_S_1246,0,0,1,-9,249
250,267,130_S_0102,0,0,2,-9,250
251,268,141_S_1004,0,0,2,-9,251
252,269,130_S_0423,0,0,1,-9,252
253,270,099_S_0051,0,0,1,-9,253
254,271,082_S_1079,0,0,1,-9,254
255,272,141_S_1231,0,0,2,-9,255
256,273,062_S_0768,0,0,1,-9,256
257,274,136_S_0195,0,0,1,-9,257
258,275,018_S_0087,0,0,1,-9,258
259,276,023_S_1190,0,0,2,-9,259
260,277,018_S_0335,0,0,2,-9,260
261,278,052_S_0671,0,0,2,-9,261
262,279,016_S_0769,0,0,1,-9,262
263,280,011_S_1282,0,0,2,-9,263
264,281,141_S_1051,0,0,2,-9,264
265,282,022_S_0066,0,0,1,-9,265
266,283,016_S_0702,0,0,1,-9,266
267,284,033_S_1098,0,0,2,-9,267
268,285,062_S_1294,0,0,1,-9,268
269,286,100_S_0747,0,0,1,-9,269
270,287,136_S_0429,0,0,1,-9,270
271,288,137_S_0800,0,0,1,-9,271
272,289,023_S_0126,0,0,2,-9,272
273,290,941_S_1363,0,0,2,-9,273
274,291,031_S_1209,0,0,2,-9,274
275,292,037_S_0627,0,0,2,-9,275
276,293,035_S_0555,0,0,1,-9,276
277,294,036_S_0976,0,0,1,-9,277
278,295,073_S_0089,0,0,1,-9,278
279,296,029_S_0914,0,0,1,-9,279
280,297,073_S_0312,0,0,1,-9,280
281,298,021_S_0178,0,0,1,-9,281
282,299,021_S_0647,0,0,1,-9,282
283,300,021_S_0332,0,0,1,-9,283
284,301,027_S_0850,0,0,1,-9,284
285,302,131_S_0319,0,0,2,-9,285
286,303,032_S_1101,0,0,2,-9,286
287,304,002_S_0559,0,0,1,-9,287
288,305,032_S_0677,0,0,1,-9,288
289,306,137_S_0459,0,0,1,-9,289
290,307,013_S_1186,0,0,1,-9,290
291,308,022_S_1097,0,0,1,-9,291
292,309,041_S_1411,0,0,1,-9,292
293,310,137_S_0841,0,0,2,-9,293
294,311,013_S_1276,0,0,2,-9,294
295,312,029_S_0999,0,0,1,-9,295
296,313,022_S_0543,0,0,2,-9,296
297,314,082_S_0469,0,0,2,-9,297
298,315,012_S_1292,0,0,1,-9,298
299,316,082_S_1377,0,0,1,-9,299
300,317,131_S_0384,0,0,1,-9,300
301,318,032_S_1169,0,0,2,-9,301
302,319,002_S_0413,0,0,2,-9,302
303,320,032_S_0718,0,0,2,-9,303
304,321,141_S_1244,0,0,1,-9,304
305,322,136_S_0695,0,0,1,-9,305
306,323,126_S_0891,0,0,2,-9,306
307,324,013_S_1205,0,0,1,-9,307
308,325,005_S_0222,0,0,1,-9,308
309,326,041_S_0679,0,0,1,-9,309
310,327,006_S_1130,0,0,2,-9,310
311,328,136_S_0107,0,0,2,-9,311
312,329,128_S_0947,0,0,2,-9,312
313,330,099_S_0551,0,0,1,-9,313
314,332,016_S_1117,0,0,2,-9,314
315,333,002_S_0295,0,0,1,-9,315
316,334,100_S_1154,0,0,1,-9,316
317,335,007_S_0101,0,0,1,-9,317
318,336,128_S_0188,0,0,1,-9,318
319,337,027_S_1213,0,0,2,-9,319
320,338,133_S_0912,0,0,2,-9,320
321,339,029_S_1318,0,0,2,-9,321
322,340,027_S_0120,0,0,1,-9,322
323,341,037_S_0327,0,0,1,-9,323
324,342,033_S_1284,0,0,1,-9,324
325,343,068_S_0476,0,0,2,-9,325
326,344,029_S_1056,0,0,2,-9,326
327,345,067_S_0045,0,0,1,-9,327
328,346,067_S_0077,0,0,1,-9,328
329,347,116_S_0370,0,0,2,-9,329
330,348,023_S_0078,0,0,2,-9,330
331,349,100_S_0015,0,0,1,-9,331
332,350,012_S_0689,0,0,1,-9,332
333,352,114_S_0979,0,0,1,-9,333
334,353,128_S_1406,0,0,2,-9,334
335,354,137_S_1041,0,0,1,-9,335
336,355,005_S_0610,0,0,1,-9,336
337,356,005_S_0546,0,0,1,-9,337
338,357,011_S_0021,0,0,2,-9,338
339,358,036_S_0577,0,0,2,-9,339
340,359,067_S_0059,0,0,2,-9,340
341,360,057_S_0941,0,0,2,-9,341
342,361,100_S_1113,0,0,2,-9,342
343,362,057_S_1371,0,0,1,-9,343
344,363,100_S_0930,0,0,1,-9,344
345,364,023_S_1046,0,0,1,-9,345
346,365,114_S_0378,0,0,2,-9,346
347,366,023_S_0081,0,0,1,-9,347
348,367,109_S_1013,0,0,1,-9,348
349,368,032_S_0095,0,0,1,-9,349
350,369,037_S_1225,0,0,1,-9,350
351,370,035_S_0997,0,0,2,-9,351
352,371,036_S_1001,0,0,1,-9,352
353,372,031_S_1066,0,0,1,-9,353
354,373,037_S_0588,0,0,1,-9,354
355,374,035_S_0341,0,0,1,-9,355
356,375,036_S_0945,0,0,1,-9,356
357,376,116_S_0361,0,0,1,-9,357
358,377,023_S_0625,0,0,1,-9,358
359,378,116_S_0648,0,0,2,-9,359
360,379,011_S_0183,0,0,2,-9,360
361,380,021_S_0141,0,0,1,-9,361
362,381,021_S_0626,0,0,1,-9,362
363,383,133_S_1031,0,0,2,-9,363
364,384,027_S_1387,0,0,1,-9,364
365,385,136_S_0300,0,0,1,-9,365
366,386,073_S_0518,0,0,1,-9,366
367,387,100_S_1286,0,0,2,-9,367
368,388,098_S_0667,0,0,1,-9,368
369,389,098_S_0172,0,0,2,-9,369
370,390,141_S_0852,0,0,2,-9,370
371,391,133_S_0525,0,0,2,-9,371
372,392,128_S_1043,0,0,1,-9,372
373,393,098_S_0896,0,0,1,-9,373
374,394,002_S_0955,0,0,2,-9,374
375,395,100_S_0743,0,0,1,-9,375
376,396,082_S_0761,0,0,1,-9,376
377,397,128_S_1088,0,0,1,-9,377
378,398,022_S_0096,0,0,1,-9,378
379,399,133_S_0433,0,0,2,-9,379
380,400,002_S_1155,0,0,1,-9,380
381,401,099_S_0880,0,0,1,-9,381
382,402,141_S_0790,0,0,2,-9,382
383,403,137_S_0283,0,0,1,-9,383
384,404,024_S_1307,0,0,2,-9,384
385,405,116_S_1083,0,0,2,-9,385
386,406,128_S_1408,0,0,1,-9,386
387,407,126_S_0708,0,0,1,-9,387
388,408,129_S_1204,0,0,1,-9,388
389,409,137_S_1426,0,0,1,-9,389
390,410,128_S_1407,0,0,2,-9,390
391,411,041_S_0314,0,0,1,-9,391
392,412,012_S_0720,0,0,2,-9,392
393,414,082_S_0832,0,0,1,-9,393
394,415,128_S_1148,0,0,2,-9,394
395,416,099_S_0291,0,0,1,-9,395
396,417,014_S_0356,0,0,1,-9,396
397,420,012_S_1033,0,0,2,-9,397
398,421,023_S_0855,0,0,1,-9,398
399,422,037_S_1421,0,0,2,-9,399
400,423,036_S_0576,0,0,1,-9,400
401,424,036_S_1023,0,0,2,-9,401
402,425,011_S_0010,0,0,2,-9,402
403,426,082_S_0640,0,0,2,-9,403
404,427,020_S_0883,0,0,2,-9,404
405,428,100_S_1062,0,0,1,-9,405
406,429,012_S_1133,0,0,2,-9,406
407,430,137_S_0366,0,0,2,-9,407
408,431,036_S_0656,0,0,1,-9,408
409,432,014_S_0658,0,0,1,-9,409
410,433,005_S_0324,0,0,2,-9,410
411,434,041_S_0549,0,0,1,-9,411
412,435,005_S_0572,0,0,1,-9,412
413,436,141_S_1094,0,0,1,-9,413
414,437,035_S_0033,0,0,1,-9,414
415,438,141_S_1137,0,0,2,-9,415
416,439,021_S_0343,0,0,1,-9,416
417,440,109_S_1343,0,0,1,-9,417
418,441,033_S_0724,0,0,1,-9,418
419,443,033_S_0567,0,0,1,-9,419
420,444,067_S_1253,0,0,2,-9,420
421,445,128_S_0258,0,0,2,-9,421
422,446,031_S_0351,0,0,1,-9,422
423,447,067_S_0056,0,0,2,-9,423
424,448,137_S_0796,0,0,1,-9,424
425,450,062_S_1099,0,0,2,-9,425
426,451,023_S_0031,0,0,2,-9,426
427,452,027_S_1045,0,0,2,-9,427
428,453,021_S_0159,0,0,2,-9,428
429,454,033_S_1283,0,0,1,-9,429
430,455,009_S_0862,0,0,2,-9,430
431,456,116_S_0890,0,0,2,-9,431
432,457,023_S_0084,0,0,2,-9,432
433,458,114_S_0228,0,0,2,-9,433
434,459,037_S_0566,0,0,1,-9,434
435,460,035_S_0292,0,0,1,-9,435
436,461,036_S_0869,0,0,2,-9,436
437,462,014_S_0563,0,0,1,-9,437
438,463,005_S_0448,0,0,1,-9,438
439,464,041_S_0407,0,0,1,-9,439
440,465,005_S_0602,0,0,1,-9,440
441,466,099_S_0352,0,0,2,-9,441
442,467,128_S_0545,0,0,1,-9,442
443,468,099_S_0090,0,0,1,-9,443
444,469,130_S_1200,0,0,1,-9,444
445,470,013_S_1275,0,0,2,-9,445
446,471,005_S_0221,0,0,1,-9,446
447,473,013_S_0996,0,0,2,-9,447
448,474,031_S_0568,0,0,2,-9,448
449,475,033_S_1285,0,0,2,-9,449
450,476,024_S_0985,0,0,1,-9,450
451,477,037_S_0377,0,0,1,-9,451
452,479,123_S_0298,0,0,1,-9,452
453,480,109_S_1014,0,0,2,-9,453
454,481,099_S_1034,0,0,1,-9,454
455,482,018_S_0057,0,0,1,-9,455
456,483,023_S_1247,0,0,2,-9,456
457,484,027_S_0307,0,0,1,-9,457
458,485,013_S_0592,0,0,1,-9,458
459,486,018_S_0142,0,0,1,-9,459
460,487,082_S_0928,0,0,2,-9,460
461,489,012_S_0712,0,0,1,-9,461
462,490,036_S_0759,0,0,2,-9,462
463,491,068_S_0872,0,0,1,-9,463
464,492,029_S_0845,0,0,1,-9,464
465,493,133_S_1055,0,0,1,-9,465
466,494,073_S_0386,0,0,2,-9,466
467,495,130_S_0505,0,0,1,-9,467
468,496,022_S_1351,0,0,2,-9,468
469,497,057_S_0464,0,0,1,-9,469
470,498,136_S_0426,0,0,1,-9,470
471,499,057_S_0779,0,0,1,-9,471
472,500,123_S_0108,0,0,1,-9,472
473,501,009_S_0842,0,0,1,-9,473
474,502,027_S_0256,0,0,1,-9,474
475,503,137_S_0669,0,0,1,-9,475
476,504,109_S_0777,0,0,2,-9,476
477,506,022_S_0129,0,0,2,-9,477
478,507,023_S_0388,0,0,1,-9,478
479,508,114_S_1103,0,0,1,-9,479
480,509,109_S_1192,0,0,2,-9,480
481,510,014_S_0558,0,0,1,-9,481
482,511,014_S_1095,0,0,2,-9,482
483,512,005_S_0223,0,0,2,-9,483
484,513,041_S_0598,0,0,1,-9,484
485,514,011_S_0856,0,0,1,-9,485
486,515,023_S_0331,0,0,2,-9,486
487,516,116_S_0657,0,0,2,-9,487
488,517,022_S_1366,0,0,1,-9,488
489,518,116_S_1315,0,0,2,-9,489
490,519,131_S_1301,0,0,2,-9,490
491,520,033_S_0733,0,0,2,-9,491
492,521,002_S_0938,0,0,2,-9,492
493,522,032_S_0147,0,0,2,-9,493
494,523,062_S_1182,0,0,2,-9,494
495,524,007_S_0344,0,0,1,-9,495
496,525,100_S_1226,0,0,1,-9,496
497,526,007_S_0128,0,0,2,-9,497
498,527,013_S_0240,0,0,1,-9,498
499,528,027_S_0074,0,0,1,-9,499
500,529,018_S_0369,0,0,1,-9,500
501,530,041_S_1412,0,0,1,-9,501
502,531,018_S_0633,0,0,1,-9,502
503,532,041_S_0898,0,0,2,-9,503
504,533,027_S_0485,0,0,1,-9,504
505,534,052_S_1054,0,0,1,-9,505
506,535,031_S_0821,0,0,1,-9,506
507,536,033_S_1309,0,0,2,-9,507
508,537,037_S_0501,0,0,1,-9,508
509,538,033_S_1086,0,0,1,-9,509
510,539,033_S_1016,0,0,2,-9,510
511,540,131_S_0441,0,0,2,-9,511
512,541,002_S_0685,0,0,2,-9,512
513,542,131_S_0409,0,0,1,-9,513
514,543,033_S_0513,0,0,1,-9,514
515,544,131_S_0457,0,0,2,-9,515
516,545,002_S_0729,0,0,2,-9,516
517,546,131_S_0436,0,0,1,-9,517
518,547,033_S_0514,0,0,1,-9,518
519,548,133_S_0771,0,0,2,-9,519
520,550,099_S_0054,0,0,2,-9,520
521,551,073_S_1357,0,0,1,-9,521
522,552,137_S_0973,0,0,1,-9,522
523,553,022_S_0924,0,0,1,-9,523
524,554,128_S_0528,0,0,2,-9,524
525,555,099_S_0111,0,0,2,-9,525
526,556,067_S_0828,0,0,2,-9,526
527,557,131_S_1389,0,0,1,-9,527
528,558,033_S_0734,0,0,1,-9,528
529,559,002_S_1070,0,0,1,-9,529
530,560,032_S_0187,0,0,1,-9,530
531,561,036_S_1135,0,0,1,-9,531
532,562,133_S_0913,0,0,2,-9,532
533,563,137_S_0972,0,0,1,-9,533
534,564,022_S_0004,0,0,1,-9,534
535,565,137_S_0994,0,0,2,-9,535
536,566,022_S_0961,0,0,1,-9,536
537,567,100_S_0995,0,0,2,-9,537
538,569,012_S_1321,0,0,1,-9,538
539,570,057_S_0474,0,0,2,-9,539
540,571,123_S_0088,0,0,1,-9,540
541,572,123_S_0162,0,0,1,-9,541
542,573,062_S_0535,0,0,1,-9,542
543,574,073_S_0909,0,0,2,-9,543
544,575,137_S_0631,0,0,1,-9,544
545,576,068_S_1075,0,0,1,-9,545
546,577,941_S_1295,0,0,1,-9,546
547,578,136_S_1227,0,0,2,-9,547
548,579,133_S_0792,0,0,1,-9,548
549,580,067_S_0176,0,0,1,-9,549
550,581,023_S_1262,0,0,2,-9,550
551,582,100_S_0892,0,0,2,-9,551
552,583,011_S_0053,0,0,1,-9,552
553,585,012_S_0932,0,0,1,-9,553
554,586,128_S_0715,0,0,2,-9,554
555,587,023_S_0217,0,0,2,-9,555
556,588,116_S_0360,0,0,1,-9,556
557,589,023_S_0083,0,0,1,-9,557
558,590,114_S_1118,0,0,1,-9,558
559,591,023_S_0058,0,0,1,-9,559
560,592,114_S_1106,0,0,2,-9,560
561,593,114_S_0410,0,0,2,-9,561
562,594,014_S_0557,0,0,1,-9,562
563,595,014_S_0519,0,0,1,-9,563
564,596,021_S_0642,0,0,1,-9,564
565,597,098_S_0269,0,0,1,-9,565
566,598,005_S_0814,0,0,2,-9,566
567,599,021_S_0753,0,0,1,-9,567
568,600,021_S_1109,0,0,2,-9,568
569,602,033_S_0739,0,0,1,-9,569
570,603,002_S_1261,0,0,2,-9,570
571,604,032_S_0214,0,0,1,-9,571
572,605,006_S_0731,0,0,1,-9,572
573,606,014_S_0328,0,0,1,-9,573
574,608,123_S_0113,0,0,1,-9,574
575,609,130_S_1290,0,0,2,-9,575
576,610,033_S_0741,0,0,2,-9,576
577,611,002_S_1268,0,0,1,-9,577
578,612,032_S_0400,0,0,1,-9,578
579,613,041_S_1368,0,0,2,-9,579
580,614,123_S_1300,0,0,2,-9,580
581,615,114_S_0416,0,0,2,-9,581
582,616,133_S_0488,0,0,2,-9,582
583,617,099_S_0492,0,0,1,-9,583
584,618,099_S_1144,0,0,1,-9,584
585,619,031_S_0294,0,0,1,-9,585
586,620,023_S_0916,0,0,1,-9,586
587,621,037_S_0182,0,0,2,-9,587
588,622,033_S_1281,0,0,2,-9,588
589,623,036_S_1240,0,0,2,-9,589
590,625,067_S_0257,0,0,2,-9,590
591,626,023_S_0042,0,0,1,-9,591
592,627,116_S_1249,0,0,2,-9,592
593,628,041_S_1425,0,0,2,-9,593
594,629,126_S_1187,0,0,1,-9,594
595,631,123_S_0072,0,0,1,-9,595
596,632,116_S_0487,0,0,1,-9,596
597,633,067_S_0336,0,0,1,-9,597
598,634,141_S_0982,0,0,2,-9,598
599,635,029_S_0866,0,0,2,-9,599
600,636,041_S_0446,0,0,1,-9,600
601,637,067_S_0284,0,0,2,-9,601
602,638,068_S_0802,0,0,2,-9,602
603,639,029_S_0843,0,0,1,-9,603
604,640,067_S_0098,0,0,2,-9,604
605,641,041_S_0282,0,0,1,-9,605
606,642,005_S_0929,0,0,1,-9,606
607,644,010_S_0786,0,0,1,-9,607
608,645,006_S_0681,0,0,2,-9,608
609,646,013_S_0502,0,0,1,-9,609
610,648,126_S_0680,0,0,1,-9,610
611,649,018_S_0103,0,0,1,-9,611
612,650,130_S_1337,0,0,1,-9,612
613,651,023_S_0887,0,0,2,-9,613
614,653,027_S_0404,0,0,2,-9,614
615,654,012_S_0637,0,0,2,-9,615
616,655,013_S_0325,0,0,2,-9,616
617,656,057_S_0839,0,0,2,-9,617
618,658,016_S_1028,0,0,2,-9,618
619,659,020_S_0097,0,0,2,-9,619
620,660,018_S_0286,0,0,1,-9,620
621,661,036_S_0748,0,0,1,-9,621
622,662,011_S_0326,0,0,1,-9,622
623,663,130_S_0232,0,0,1,-9,623
624,664,062_S_0793,0,0,1,-9,624
625,665,137_S_0668,0,0,1,-9,625
626,666,128_S_0740,0,0,1,-9,626
627,667,027_S_1277,0,0,1,-9,627
628,668,082_S_0641,0,0,1,-9,628
629,669,018_S_0043,0,0,1,-9,629
630,670,053_S_1044,0,0,1,-9,630
631,671,067_S_0607,0,0,2,-9,631
632,672,022_S_0014,0,0,2,-9,632
633,673,136_S_0299,0,0,2,-9,633
634,674,023_S_1104,0,0,2,-9,634
635,675,128_S_0135,0,0,2,-9,635
636,677,014_S_0169,0,0,2,-9,636
637,678,114_S_0601,0,0,2,-9,637
638,679,133_S_0493,0,0,1,-9,638
639,680,128_S_1242,0,0,2,-9,639
640,681,128_S_0205,0,0,2,-9,640
641,682,022_S_0007,0,0,1,-9,641
642,684,128_S_0167,0,0,1,-9,642
643,685,128_S_0770,0,0,1,-9,643
644,686,130_S_0289,0,0,1,-9,644
645,687,068_S_0109,0,0,2,-9,645
646,688,033_S_0889,0,0,2,-9,646
647,689,037_S_1078,0,0,1,-9,647
648,690,137_S_0686,0,0,1,-9,648
649,691,941_S_1203,0,0,1,-9,649
650,692,041_S_0125,0,0,1,-9,650
651,693,114_S_0458,0,0,2,-9,651
652,694,027_S_1254,0,0,1,-9,652
653,695,128_S_0138,0,0,1,-9,653
654,696,137_S_0301,0,0,2,-9,654
655,697,128_S_0225,0,0,2,-9,655
656,698,021_S_0273,0,0,1,-9,656
657,699,126_S_0865,0,0,1,-9,657
658,700,024_S_1171,0,0,1,-9,658
659,701,027_S_1081,0,0,1,-9,659
660,702,011_S_0241,0,0,1,-9,660
661,703,128_S_1430,0,0,2,-9,661
662,704,011_S_0002,0,0,1,-9,662
663,705,128_S_0863,0,0,1,-9,663
664,707,002_S_0816,0,0,1,-9,664
665,708,033_S_0725,0,0,1,-9,665
666,709,128_S_0230,0,0,1,-9,666
667,710,128_S_0272,0,0,2,-9,667
668,711,011_S_0003,0,0,1,-9,668
669,712,136_S_0196,0,0,2,-9,669
670,713,114_S_0166,0,0,2,-9,670
671,714,099_S_0533,0,0,2,-9,671
672,715,021_S_0337,0,0,1,-9,672
673,716,023_S_1306,0,0,2,-9,673
674,717,002_S_0954,0,0,2,-9,674
675,719,141_S_0767,0,0,2,-9,675
676,721,136_S_0579,0,0,2,-9,676
677,722,016_S_1149,0,0,1,-9,677
678,724,057_S_0818,0,0,2,-9,678
679,726,057_S_1373,0,0,1,-9,679
680,727,009_S_1354,0,0,2,-9,680
681,729,098_S_0149,0,0,1,-9,681
682,730,029_S_0824,0,0,2,-9,682
683,731,068_S_0401,0,0,1,-9,683
684,732,126_S_0709,0,0,1,-9,684
685,733,010_S_0419,0,0,1,-9,685
686,734,037_S_0467,0,0,2,-9,686
687,736,013_S_1161,0,0,1,-9,687
688,737,036_S_0760,0,0,2,-9,688
689,738,012_S_1165,0,0,1,-9,689
690,739,062_S_0578,0,0,2,-9,690
691,740,941_S_1202,0,0,1,-9,691
692,741,131_S_0691,0,0,1,-9,692
693,742,021_S_0984,0,0,1,-9,693
694,743,035_S_0156,0,0,1,-9,694
695,744,052_S_0989,0,0,2,-9,695
696,746,116_S_1243,0,0,1,-9,696
697,747,141_S_0851,0,0,2,-9,697
698,748,128_S_0611,0,0,2,-9,698
699,749,941_S_1197,0,0,2,-9,699
700,750,130_S_0956,0,0,2,-9,700
701,751,941_S_1195,0,0,1,-9,701
702,752,016_S_1092,0,0,1,-9,702
703,753,128_S_0227,0,0,2,-9,703
704,754,016_S_0991,0,0,2,-9,704
705,755,010_S_0904,0,0,1,-9,705
706,756,009_S_1030,0,0,1,-9,706
707,757,029_S_0836,0,0,1,-9,707
708,758,029_S_0878,0,0,1,-9,708
709,759,007_S_0293,0,0,1,-9,709
710,760,007_S_0698,0,0,1,-9,710
711,761,100_S_0035,0,0,1,-9,711
712,762,109_S_0950,0,0,1,-9,712
713,763,137_S_0158,0,0,2,-9,713
714,764,130_S_1201,0,0,2,-9,714
715,765,023_S_0030,0,0,2,-9,715
716,766,073_S_0746,0,0,2,-9,716
717,767,130_S_0886,0,0,2,-9,717
718,768,128_S_0229,0,0,2,-9,718
719,769,029_S_1038,0,0,1,-9,719
720,770,141_S_0717,0,0,1,-9,720
721,771,029_S_1218,0,0,2,-9,721
722,772,126_S_0405,0,0,1,-9,722
723,776,068_S_0210,0,0,2,-9,723
724,777,099_S_0060,0,0,1,-9,724
725,779,009_S_1199,0,0,1,-9,725
726,780,067_S_0076,0,0,1,-9,726
727,781,052_S_0952,0,0,2,-9,727
728,782,141_S_0697,0,0,1,-9,728
729,783,052_S_1352,0,0,1,-9,729
730,784,016_S_1121,0,0,2,-9,730
731,785,016_S_0354,0,0,1,-9,731
732,786,016_S_0538,0,0,1,-9,732
733,788,136_S_0086,0,0,2,-9,733
734,789,057_S_1379,0,0,1,-9,734
735,791,020_S_0213,0,0,1,-9,735
736,794,037_S_0552,0,0,2,-9,736
737,795,031_S_0554,0,0,1,-9,737
738,796,013_S_0860,0,0,1,-9,738
739,797,068_S_0478,0,0,1,-9,739
740,798,114_S_0374,0,0,2,-9,740
741,799,068_S_0473,0,0,1,-9,741
742,800,036_S_0813,0,0,1,-9,742
743,801,007_S_1222,0,0,2,-9,743
744,803,128_S_0517,0,0,1,-9,744
745,804,027_S_0408,0,0,1,-9,745
746,805,133_S_0727,0,0,2,-9,746
747,806,032_S_1037,0,0,1,-9,747
748,807,116_S_0649,0,0,1,-9,748
749,808,067_S_0812,0,0,2,-9,749
750,809,031_S_0867,0,0,1,-9,750
751,810,009_S_1334,0,0,1,-9,751
752,813,013_S_0699,0,0,1,-9,752
753,814,057_S_0934,0,0,2,-9,753
754,815,141_S_1052,0,0,2,-9,754
755,816,129_S_0778,0,0,1,-9,755
756,817,053_S_0919,0,0,1,-9,756
